dataset,domain,num_variates
bitbrains_fast_storage/H/short,Web/CloudOps,2
solar/H/short,Energy,1
solar/H/medium,Energy,1
solar/H/long,Energy,1
m_dense/D/short,Transport,1
ett2/H/short,Energy,7
ett2/H/medium,Energy,7
ett2/H/long,Energy,7
ett2/D/short,Energy,7
electricity/15T/short,Energy,1
electricity/15T/medium,Energy,1
electricity/15T/long,Energy,1
bitbrains_rnd/H/short,Web/CloudOps,2
loop_seattle/H/short,Transport,1
loop_seattle/H/medium,Transport,1
loop_seattle/H/long,Transport,1
solar/W/short,Energy,1
bizitobs_application/10S/short,Web/CloudOps,2
bizitobs_application/10S/medium,Web/CloudOps,2
bizitobs_application/10S/long,Web/CloudOps,2
bizitobs_service/10S/short,Web/CloudOps,2
bizitobs_service/10S/medium,Web/CloudOps,2
bizitobs_service/10S/long,Web/CloudOps,2
bizitobs_l2c/5T/short,Web/CloudOps,7
bizitobs_l2c/5T/medium,Web/CloudOps,7
bizitobs_l2c/5T/long,Web/CloudOps,7
ett2/W/short,Energy,7
loop_seattle/5T/short,Transport,1
loop_seattle/5T/medium,Transport,1
loop_seattle/5T/long,Transport,1
loop_seattle/D/short,Transport,1
bitbrains_rnd/5T/short,Web/CloudOps,2
bitbrains_rnd/5T/medium,Web/CloudOps,2
bitbrains_rnd/5T/long,Web/CloudOps,2
electricity/W/short,Energy,1
solar/D/short,Energy,1
ett1/H/short,Energy,7
ett1/H/medium,Energy,7
ett1/H/long,Energy,7
temperature_rain/D/short,Nature,1
saugeen/W/short,Nature,1
covid_deaths/D/short,Healthcare,1
us_births/D/short,Healthcare,1
m4_weekly/W/short,Econ/Fin,1
car_parts/M/short,Sales,1
sz_taxi/H/short,Transport,1
ett1/15T/short,Energy,7
ett1/15T/medium,Energy,7
ett1/15T/long,Energy,7
saugeen/M/short,Nature,1
us_births/M/short,Healthcare,1
m4_quarterly/Q/short,Econ/Fin,1
ett1/W/short,Energy,7
saugeen/D/short,Nature,1
electricity/H/short,Energy,1
electricity/H/medium,Energy,1
electricity/H/long,Energy,1
ett1/D/short,Energy,7
bizitobs_l2c/H/short,Web/CloudOps,7
bizitobs_l2c/H/medium,Web/CloudOps,7
bizitobs_l2c/H/long,Web/CloudOps,7
hospital/M/short,Healthcare,1
m4_daily/D/short,Econ/Fin,1
bitbrains_fast_storage/5T/short,Web/CloudOps,2
bitbrains_fast_storage/5T/medium,Web/CloudOps,2
bitbrains_fast_storage/5T/long,Web/CloudOps,2
ett2/15T/short,Energy,7
ett2/15T/medium,Energy,7
ett2/15T/long,Energy,7
jena_weather/10T/short,Nature,21
jena_weather/10T/medium,Nature,21
jena_weather/10T/long,Nature,21
jena_weather/D/short,Nature,21
us_births/W/short,Healthcare,1
m_dense/H/short,Transport,1
m_dense/H/medium,Transport,1
m_dense/H/long,Transport,1
kdd_cup_2018/D/short,Nature,1
electricity/D/short,Energy,1
restaurant/D/short,Sales,1
jena_weather/H/short,Nature,21
jena_weather/H/medium,Nature,21
jena_weather/H/long,Nature,21
m4_monthly/M/short,Econ/Fin,1
hierarchical_sales/D/short,Sales,1
m4_hourly/H/short,Econ/Fin,1
m4_yearly/A/short,Econ/Fin,1
hierarchical_sales/W/short,Sales,1
kdd_cup_2018/H/short,Nature,1
kdd_cup_2018/H/medium,Nature,1
kdd_cup_2018/H/long,Nature,1
sz_taxi/15T/short,Transport,1
sz_taxi/15T/medium,Transport,1
sz_taxi/15T/long,Transport,1
solar/10T/short,Energy,1
solar/10T/medium,Energy,1
solar/10T/long,Energy,1
